{"cameraMode":{"drawMode":0,"name":"Shaded","section":"Shading Mode"},"sceneLighting":true,"audioPlay":false,"sceneViewState":{"showFog":true,"showMaterialUpdate":false,"showSkybox":false,"showFlares":true,"showImageEffects":true,"showParticleSystems":true},"in2DMode":false,"pivot":{"x":5.807000160217285,"y":3.8919999599456789,"z":4.039999961853027},"rotation":{"x":0.4119434058666229,"y":0.0350382924079895,"z":-0.015139044262468815,"w":0.9106048345565796},"size":1.1783357858657838,"orthographic":false}