{"cameraMode":{"drawMode":0,"name":"Shaded","section":"Shading Mode"},"sceneLighting":false,"audioPlay":false,"sceneViewState":{"showFog":true,"showMaterialUpdate":false,"showSkybox":false,"showFlares":true,"showImageEffects":true,"showParticleSystems":true},"in2DMode":false,"pivot":{"x":229.26394653320313,"y":108.27896118164063,"z":660.2131958007813},"rotation":{"x":0.058795247226953509,"y":-0.012194371782243252,"z":0.0007175688515417278,"w":0.9985461831092835},"size":1097.42919921875,"orthographic":false}