{"cameraMode":{"drawMode":0,"name":"Shaded","section":"Shading Mode"},"sceneLighting":false,"audioPlay":false,"sceneViewState":{"showFog":true,"showMaterialUpdate":false,"showSkybox":false,"showFlares":true,"showImageEffects":true,"showParticleSystems":true},"in2DMode":false,"pivot":{"x":-0.833613395690918,"y":1.53657865524292,"z":4.089226722717285},"rotation":{"x":0.5183972120285034,"y":-0.2551381289958954,"z":0.1654851883649826,"w":0.7992414236068726},"size":6.152676105499268,"orthographic":false}