{"cameraMode":{"drawMode":0,"name":"Shaded","section":"Shading Mode"},"sceneLighting":false,"audioPlay":false,"sceneViewState":{"showFog":true,"showMaterialUpdate":false,"showSkybox":false,"showFlares":true,"showImageEffects":true,"showParticleSystems":true},"in2DMode":false,"pivot":{"x":8.86868667602539,"y":0.6568740010261536,"z":1.5730409622192383},"rotation":{"x":0.016078965738415719,"y":0.9787910580635071,"z":-0.08267226070165634,"w":0.1874450296163559},"size":4.077023029327393,"orthographic":false}