{"cameraMode":{"drawMode":0,"name":"Shaded","section":"Shading Mode"},"sceneLighting":false,"audioPlay":false,"sceneViewState":{"showFog":true,"showMaterialUpdate":false,"showSkybox":false,"showFlares":true,"showImageEffects":true,"showParticleSystems":true},"in2DMode":false,"pivot":{"x":12.060565948486329,"y":1.530867338180542,"z":1.0092520713806153},"rotation":{"x":0.026220394298434259,"y":0.7492068409919739,"z":-0.02928312122821808,"w":0.6613908410072327},"size":3.465686321258545,"orthographic":false}