{"cameraMode":{"drawMode":0,"name":"Shaded","section":"Shading Mode"},"sceneLighting":true,"audioPlay":false,"sceneViewState":{"showFog":true,"showMaterialUpdate":false,"showSkybox":false,"showFlares":true,"showImageEffects":true,"showParticleSystems":true},"in2DMode":false,"pivot":{"x":5.807000160217285,"y":3.8919999599456789,"z":4.039999961853027},"rotation":{"x":-0.007794374134391546,"y":-0.6956102848052979,"z":-0.0066005815751850609,"w":0.7186874747276306},"size":1.1783357858657838,"orthographic":false}