{"cameraMode":{"drawMode":0,"name":"Shaded","section":"Shading Mode"},"sceneLighting":false,"audioPlay":false,"sceneViewState":{"showFog":true,"showMaterialUpdate":false,"showSkybox":false,"showFlares":true,"showImageEffects":true,"showParticleSystems":true},"in2DMode":false,"pivot":{"x":391.9890441894531,"y":27.020217895507814,"z":609.1280517578125},"rotation":{"x":0.09702540934085846,"y":0.11600653827190399,"z":-0.011386560276150704,"w":0.9887871146202087},"size":1097.42919921875,"orthographic":false}