{"cameraMode":{"drawMode":0,"name":"Shaded","section":"Shading Mode"},"sceneLighting":false,"audioPlay":false,"sceneViewState":{"showFog":true,"showMaterialUpdate":false,"showSkybox":false,"showFlares":true,"showImageEffects":true,"showParticleSystems":true},"in2DMode":false,"pivot":{"x":11.20356273651123,"y":0.3385729491710663,"z":3.5514986515045168},"rotation":{"x":0.06097991764545441,"y":0.7171177268028259,"z":-0.06276457756757736,"w":0.6916202306747437},"size":4.077023029327393,"orthographic":false}