{"cameraMode":{"drawMode":0,"name":"Shaded","section":"Shading Mode"},"sceneLighting":true,"audioPlay":false,"sceneViewState":{"showFog":true,"showMaterialUpdate":false,"showSkybox":true,"showFlares":true,"showImageEffects":true,"showParticleSystems":true},"in2DMode":false,"pivot":{"x":9.056120872497559,"y":3.895847797393799,"z":17.894439697265626},"rotation":{"x":0.006093087140470743,"y":-0.9657489061355591,"z":0.028525404632091523,"w":0.26019608974456789},"size":0.10336261987686157,"orthographic":false}